{
    "coefs": [
        0,
        0,
        -0.5391129894,
        0,
        0.1712432848,
        0.3209588338,
        0.0251833478,
        -0.5475896749
    ],
    "x": [
        -1.0,
        -0.9,
        -0.8,
        -0.7000000000000001,
        -0.6000000000000001,
        -0.5000000000000001,
        -0.40000000000000013,
        -0.30000000000000016,
        -0.20000000000000015,
        -0.10000000000000014,
        -1.3877787807814457e-16,
        0.09999999999999987,
        0.19999999999999987,
        0.2999999999999999,
        0.3999999999999999,
        0.4999999999999999,
        0.5999999999999999,
        0.6999999999999998,
        0.7999999999999998,
        0.8999999999999998
    ],
    "y": [
        -0.12,
        -0.24,
        -0.26,
        -0.23,
        -0.18,
        -0.13,
        -0.08,
        -0.05,
        -0.02,
        -0.01,
        -0.0,
        -0.01,
        -0.02,
        -0.05,
        -0.08,
        -0.12,
        -0.16,
        -0.21,
        -0.28,
        -0.38
    ]
}