{
    "coefs": [
        -0.2145931165,
        0.1462846188,
        0.6462397888,
        0.6343480233,
        -0.2340697771,
        -0.8833602314,
        0,
        0.056930404,
        0.4739503857,
        -0.145096479,
        0.8802288335,
        0.2290643026,
        0.2869508517,
        0.2754906669,
        0.2543625533,
        0.4694433983,
        0,
        0.3684585626,
        -0.1196359547,
        -0.0969144781
    ],
    "x": [
        -3.0,
        -2.9,
        -2.8,
        -2.6999999999999997,
        -2.5999999999999996,
        -2.4999999999999996,
        -2.3999999999999995,
        -2.2999999999999994,
        -2.1999999999999993,
        -2.099999999999999,
        -1.9999999999999991,
        -1.899999999999999,
        -1.799999999999999,
        -1.6999999999999988,
        -1.5999999999999988,
        -1.4999999999999987,
        -1.3999999999999986,
        -1.2999999999999985,
        -1.1999999999999984,
        -1.0999999999999983,
        -0.9999999999999983,
        -0.8999999999999984,
        -0.7999999999999984,
        -0.6999999999999984,
        -0.5999999999999984,
        -0.49999999999999845,
        -0.39999999999999847,
        -0.2999999999999985,
        -0.19999999999999848,
        -0.09999999999999848,
        1.5265566588595902e-15,
        0.10000000000000153,
        0.20000000000000154,
        0.30000000000000154,
        0.4000000000000016,
        0.5000000000000016,
        0.6000000000000015,
        0.7000000000000015,
        0.8000000000000015,
        0.9000000000000015,
        1.0000000000000016,
        1.1000000000000016,
        1.2000000000000017,
        1.3000000000000018,
        1.400000000000002,
        1.500000000000002,
        1.600000000000002,
        1.7000000000000022,
        1.8000000000000023,
        1.9000000000000024,
        2.000000000000002,
        2.1000000000000023,
        2.2000000000000024,
        2.3000000000000025,
        2.4000000000000026,
        2.5000000000000027,
        2.6000000000000028,
        2.700000000000003,
        2.800000000000003,
        2.900000000000003
    ],
    "y": [
        12919052.8,
        3770031.66,
        220861.94,
        -845535.59,
        -934737.63,
        -722062.9,
        -477243.97,
        -285853.22,
        -158794.36,
        -82666.0,
        -40499.97,
        -18682.92,
        -8096.34,
        -3278.91,
        -1229.82,
        -420.59,
        -127.33,
        -31.85,
        -5.13,
        0.54,
        0.92,
        0.46,
        0.1,
        -0.08,
        -0.16,
        -0.19,
        -0.21,
        -0.22,
        -0.22,
        -0.22,
        -0.21,
        -0.19,
        -0.16,
        -0.1,
        -0.03,
        0.06,
        0.16,
        0.28,
        0.51,
        1.12,
        3.03,
        8.91,
        25.85,
        70.76,
        179.47,
        415.86,
        862.09,
        1525.38,
        1984.39,
        341.61,
        -9495.45,
        -44270.78,
        -145723.93,
        -410799.87,
        -1052500.01,
        -2517854.79,
        -5709117.53,
        -12386374.05,
        -25881123.95,
        -52330956.7
    ]
}