{
    "coefs": [
        0.8790829147,
        0.4970996292,
        0.4945936163,
        -0.8268804193,
        0.4568809383,
        -0.4849301821,
        -0.6555710608,
        -0.1656429175
    ],
    "x": [
        -2.9,
        -2.8,
        -2.6999999999999997,
        -2.5999999999999996,
        -2.4999999999999996,
        -2.3999999999999995,
        -2.2999999999999994,
        -2.1999999999999993,
        -2.099999999999999,
        -1.9999999999999991,
        -1.899999999999999,
        -1.799999999999999,
        -1.6999999999999988,
        -1.5999999999999988,
        -1.4999999999999987,
        -1.3999999999999986,
        -1.2999999999999985,
        -1.1999999999999984,
        -1.0999999999999983,
        -0.9999999999999983,
        -0.8999999999999984,
        -0.7999999999999984,
        -0.6999999999999984,
        -0.5999999999999984,
        -0.49999999999999845,
        -0.39999999999999847,
        -0.2999999999999985,
        -0.19999999999999848,
        -0.09999999999999848,
        1.5265566588595902e-15,
        0.10000000000000153,
        0.20000000000000154,
        0.30000000000000154,
        0.4000000000000016,
        0.5000000000000016,
        0.6000000000000015,
        0.7000000000000015,
        0.8000000000000015,
        0.9000000000000015,
        1.0000000000000016,
        1.1000000000000016,
        1.2000000000000017,
        1.3000000000000018,
        1.400000000000002,
        1.500000000000002,
        1.600000000000002,
        1.7000000000000022,
        1.8000000000000023,
        1.9000000000000024,
        2.000000000000002,
        2.1000000000000023,
        2.2000000000000024,
        2.3000000000000025,
        2.4000000000000026,
        2.5000000000000027,
        2.6000000000000028,
        2.700000000000003,
        2.800000000000003,
        2.900000000000003,
        3.000000000000003
    ],
    "y": [
        51.33,
        40.64,
        32.57,
        26.48,
        21.9,
        18.43,
        15.76,
        13.67,
        11.97,
        10.55,
        9.32,
        8.21,
        7.2,
        6.26,
        5.4,
        4.59,
        3.87,
        3.21,
        2.64,
        2.16,
        1.75,
        1.43,
        1.18,
        1.01,
        0.89,
        0.83,
        0.8,
        0.81,
        0.84,
        0.88,
        0.93,
        0.99,
        1.05,
        1.11,
        1.15,
        1.16,
        1.12,
        0.99,
        0.71,
        0.19,
        -0.67,
        -2.05,
        -4.15,
        -7.26,
        -11.72,
        -17.98,
        -26.6,
        -38.25,
        -53.76,
        -74.13,
        -100.53,
        -134.37,
        -177.29,
        -231.22,
        -298.37,
        -381.31,
        -483.0,
        -606.79,
        -756.52,
        -936.51
    ]
}