{
    "coefs": [
        -0.1541056857,
        0.0245183175,
        0.693591592,
        0.4794828733,
        0.4657626837,
        -0.8775919602,
        0.4972449198,
        0.7144681657
    ],
    "x": [
        -6.75,
        -6.5,
        -6.25,
        -6.0,
        -5.75,
        -5.5,
        -5.25,
        -5.0,
        -4.75,
        -4.5,
        -4.25,
        -4.0,
        -3.75,
        -3.5,
        -3.25,
        -3.0,
        -2.75,
        -2.5,
        -2.25,
        -2.0,
        -1.75,
        -1.5,
        -1.25,
        -1.0,
        -0.75,
        -0.5,
        -0.25,
        0.0,
        0.25,
        0.5,
        0.75,
        1.0,
        1.25,
        1.5,
        1.75,
        2.0,
        2.25,
        2.5,
        2.75,
        3.0,
        3.25,
        3.5,
        3.75,
        4.0,
        4.25,
        4.5,
        4.75,
        5.0,
        5.25,
        5.5,
        5.75,
        6.0,
        6.25,
        6.5,
        6.75,
        7.0,
        7.25,
        7.5,
        7.75,
        8.0
    ],
    "y": [
        -395971.68,
        -301835.57,
        -227532.23,
        -169457.02,
        -124548.59,
        -90225.19,
        -64326.02,
        -45057.67,
        -30945.24,
        -20788.0,
        -13619.4,
        -8671.08,
        -5340.85,
        -3164.25,
        -1789.55,
        -956.0,
        -475.01,
        -214.16,
        -83.67,
        -25.36,
        -3.5,
        2.23,
        2.27,
        1.16,
        0.36,
        0.01,
        -0.12,
        -0.15,
        -0.1,
        0.11,
        0.58,
        1.84,
        5.66,
        16.63,
        44.74,
        109.15,
        243.29,
        501.7,
        968.6,
        1768.61,
        3079.75,
        5148.86,
        8309.86,
        13004.87,
        19808.55,
        29455.78,
        42872.96,
        61213.15,
        85895.23,
        118647.36,
        161554.85,
        217112.82,
        288283.72,
        378560.02,
        492032.27,
        633462.7,
        808364.68,
        1023088.15,
        1284911.33,
        1602138.87
    ]
}