{
    "coefs": [
        1.3,
        2.1,
        3.0,
        -1,
        null,
        0.1,
        0.6,
        null,
        -1.2,
        0.4
    ],
    "x": [
        4,
        7,
        8,
        12,
        14,
        15,
        20,
        24,
        26,
        29,
        31,
        36,
        39,
        42,
        43,
        46,
        51,
        54,
        56,
        58,
        61,
        66,
        71,
        75,
        79,
        84,
        86,
        89,
        94,
        96,
        101,
        106,
        110,
        114,
        116,
        120,
        124,
        125,
        129,
        130,
        135,
        138,
        139,
        142,
        144,
        145,
        146,
        150,
        154,
        159
    ],
    "y": [
        28832.1,
        9296114.7,
        33715205.3,
        1549751037.7,
        6498043969.1,
        12308786020.3,
        174118721243.3,
        924748098906.1,
        1921395533786.3,
        5202921642487.1,
        9552914987412.3,
        37239962898403.3,
        77071053624249.11,
        151052677637640.72,
        187015011965928.3,
        344824635570180.3,
        878755128034816.4,
        1474974934190517.2,
        2050425565039517.5,
        2817410704657770.5,
        4447640658232458.0,
        9073072995612814.0,
        1.756457309049326e+16,
        2.88326265556811e+16,
        4.61202539813573e+16,
        8.031199991612514e+16,
        9.93405950101769e+16,
        1.3541895366335606e+17,
        2.218835082847531e+17,
        2.6835739385206048e+17,
        4.244804665693386e+17,
        6.566662591564337e+17,
        9.174570752271465e+17,
        1.2665496903068764e+18,
        1.481844995113683e+18,
        2.0123161313587635e+18,
        2.7053234282998134e+18,
        2.908708956909227e+18,
        3.8649913824120975e+18,
        4.143914962478381e+18,
        5.825112826471798e+18,
        7.102752877163953e+18,
        7.580843829034184e+18,
        9.191402387164161e+18,
        1.0427477557532121e+19,
        1.109922287045062e+19,
        1.1809162235491592e+19,
        1.5069803716968819e+19,
        1.910745684650804e+19,
        2.5489525421283615e+19
    ]
}